{
  "return_mean": 126.0,
  "return_std": 95.94821835792787,
  "return_min": 10.0,
  "return_max": 430.0,
  "return_median": 100.0,
  "return_q25": 50.0,
  "return_q75": 170.0,
  "length_mean": 122.67,
  "length_std": 43.22107954657909,
  "episode_returns": [
    70.0,
    320.0,
    205.0,
    40.0,
    195.0,
    55.0,
    205.0,
    90.0,
    50.0,
    45.0,
    35.0,
    110.0,
    80.0,
    130.0,
    315.0,
    20.0,
    45.0,
    85.0,
    170.0,
    310.0,
    155.0,
    45.0,
    155.0,
    20.0,
    65.0,
    80.0,
    430.0,
    200.0,
    160.0,
    300.0,
    30.0,
    90.0,
    45.0,
    55.0,
    70.0,
    110.0,
    200.0,
    65.0,
    105.0,
    145.0,
    45.0,
    170.0,
    10.0,
    100.0,
    170.0,
    115.0,
    215.0,
    40.0,
    135.0,
    85.0,
    85.0,
    195.0,
    170.0,
    80.0,
    80.0,
    160.0,
    330.0,
    30.0,
    145.0,
    35.0,
    65.0,
    45.0,
    255.0,
    30.0,
    35.0,
    85.0,
    205.0,
    155.0,
    160.0,
    90.0,
    50.0,
    165.0,
    200.0,
    75.0,
    20.0,
    90.0,
    430.0,
    225.0,
    90.0,
    15.0,
    105.0,
    25.0,
    35.0,
    100.0,
    70.0,
    35.0,
    110.0,
    135.0,
    210.0,
    175.0,
    20.0,
    155.0,
    170.0,
    40.0,
    405.0,
    155.0,
    60.0,
    400.0,
    100.0,
    115.0
  ],
  "episode_lengths": [
    100,
    180,
    218,
    78,
    122,
    63,
    162,
    102,
    105,
    91,
    97,
    61,
    113,
    115,
    183,
    60,
    90,
    145,
    157,
    170,
    115,
    62,
    142,
    123,
    104,
    92,
    202,
    150,
    118,
    165,
    66,
    105,
    74,
    89,
    139,
    113,
    218,
    123,
    95,
    127,
    92,
    145,
    93,
    130,
    143,
    133,
    215,
    62,
    107,
    96,
    90,
    126,
    124,
    109,
    89,
    162,
    199,
    62,
    153,
    113,
    118,
    100,
    192,
    103,
    70,
    79,
    178,
    167,
    173,
    102,
    104,
    181,
    149,
    112,
    110,
    63,
    240,
    148,
    97,
    100,
    142,
    110,
    61,
    176,
    73,
    65,
    68,
    138,
    120,
    176,
    62,
    94,
    147,
    90,
    184,
    189,
    57,
    166,
    169,
    117
  ],
  "experiment_name": "baseline_random",
  "n_episodes": 100,
  "deterministic": false,
  "seed": 1000,
  "eval_duration_seconds": 14.0,
  "metadata": {
    "description": "Uniform random action policy"
  }
}